eve_id	confidence	eve_score	suggests	because	locus	top_evalue	top_pident	top_desc	top_viral_desc	top_viral_lineage	max_count_phylum
AAQR01_EVE001	high	100	viral (1)	VDB (1)	AAQR01022240.1_71-271:-	3.02e-6	38.8	hypothetical protein [Guyuan Rhabd tick virus 1] acc=UYL95555.1 	hypothetical protein [Guyuan Rhabd tick virus 1] acc=UYL95555.1 	k__Viruses;K__Orthornavirae;p__Negarnaviricota;c__Monjiviricetes;o__Mononegavirales;f__Rhabdoviridae;g__unclassified Rhabdoviridae genus;s__Guyuan Rhabd tick virus 1	Negarnaviricota
AAQR01_EVE002	high	100	viral (1)	VDB (1)	AAQR01105530.1_11661-12092:+	2.17e-6	31.4	ORF4 [Hepeviridae] acc=AMO00781.1 	ORF4 [Hepeviridae] acc=AMO00781.1 	k__Viruses;K__Orthornavirae;p__Kitrinoviricota;c__Alsuviricetes;o__Hepelivirales;f__Hepeviridae;g__unclassified Hepeviridae genus;s__Hepatitis E virus	Kitrinoviricota
AAQR01_EVE003	high	100	viral (1)	VDB (1)	AAQR01120317.1_384-625:+	1.91e-6	34.6	polyprotein [Hepacivirus hominis] acc=ACT37047.1 	polyprotein [Hepacivirus hominis] acc=ACT37047.1 	k__Viruses;K__Orthornavirae;p__Kitrinoviricota;c__Flasuviricetes;o__Amarillovirales;f__Flaviviridae;g__Hepacivirus;s__Hepacivirus hominis	Kitrinoviricota
AAQR01_EVE004	high	100	viral (1)	VDB (1)	AAQR01130337.1_5289-5655:+	7.69e-8	33.1	E2 [Canine papillomavirus type 24] acc=UZP65145.1 	E2 [Canine papillomavirus type 24] acc=UZP65145.1 	k__Viruses;K__Shotokuvirae;p__Cossaviricota;c__Papovaviricetes;o__Zurhausenvirales;f__Papillomaviridae;g__Chipapillomavirus;s__Canine papillomavirus type 24	Cossaviricota
AAQR01_EVE005	high	100	viral (20)	viral (20)	AAQR01173471.1_376-474:+	3.92e-18	97	Baculoviral IAP repeat containing 7 n=8 Tax=Boreoeutheria  RepID=A0A2K6F348_PROCO	NA	NA	Chordata
AAQR01_EVE006	high	100	viral (1)	VDB (1)	AAQR01216123.1_485-914:+	5.44e-7	32.6	hypothetical protein [Schistocephalus solidus toti-like virus 3] acc=QJD26159.1 	hypothetical protein [Schistocephalus solidus toti-like virus 3] acc=QJD26159.1 	k__Viruses;K__Orthornavirae;p__Duplornaviricota;c__Chrymotiviricetes;o__Ghabrivirales;f__Totiviridae;g__unclassified Totiviridae genus;s__Schistocephalus solidus toti-like virus 3	Duplornaviricota
AAQR01_EVE007	high	100	viral (1)	VDB (1)	AAQR01216380.1_879-1106:+	8.35e-7	33.7	polyprotein [Hepacivirus hominis] acc=ACT37047.1 	polyprotein [Hepacivirus hominis] acc=ACT37047.1 	k__Viruses;K__Orthornavirae;p__Kitrinoviricota;c__Flasuviricetes;o__Amarillovirales;f__Flaviviridae;g__Hepacivirus;s__Hepacivirus hominis	Kitrinoviricota
AAQR01_EVE008	high	100	viral (1)	VDB (1)	AAQR01216928.1_6118-6673:-	1.24e-6	31.1	putative movement protein [Grapevine Syrah virus 1] acc=ANP94322.1 	putative movement protein [Grapevine Syrah virus 1] acc=ANP94322.1 	k__Viruses;K__Orthornavirae;p__Kitrinoviricota;c__Alsuviricetes;o__Tymovirales;f__Tymoviridae;g__Marafivirus;s__Marafivirus syrahense	Kitrinoviricota
AAQR01_EVE009	high	100	viral (1)	VDB (1)	AAQR01255455.1_281-544:-	5.42e-7	40.9	putative movement protein [Grapevine asteroid mosaic associated virus] acc=YP_009315884.1 	putative movement protein [Grapevine asteroid mosaic associated virus] acc=YP_009315884.1 	k__Viruses;K__Orthornavirae;p__Kitrinoviricota;c__Alsuviricetes;o__Tymovirales;f__Tymoviridae;g__Marafivirus;s__Marafivirus asteroides	Kitrinoviricota
AAQR01_EVE010	high	100	viral (1)	VDB (1)	AAQR01272091.1_798-963:-	1.67e-7	50.9	VP1 [Norovirus GI] acc=UYW46433.1 	VP1 [Norovirus GI] acc=UYW46433.1 	k__Viruses;K__Orthornavirae;p__Pisuviricota;c__Pisoniviricetes;o__Picornavirales;f__Caliciviridae;g__Norovirus;s__Norwalk virus	Pisuviricota
AAQR01_EVE011	high	100	viral (2)	UDB Viruses (1), VDB (1)	AAQR01299149.1_999-2102:+	6.28e-8	27	movement protein [Diascia yellow mottle virus] acc=ARK20050.1 	movement protein [Diascia yellow mottle virus] acc=ARK20050.1 	k__Viruses;K__Orthornavirae;p__Kitrinoviricota;c__Alsuviricetes;o__Tymovirales;f__Tymoviridae;g__Tymovirus;s__Diascia yellow mottle virus	Kitrinoviricota
AAQR01_EVE012	high	100	viral (2)	UDB Viruses (1), VDB (1)	AAQR01339988.1_557-1204:-	3.01e-5	28.1	Regulatory protein E2 n=5 Tax=Chipapillomavirus 3  RepID=K7QH99_9PAPI	Regulatory protein E2 n=5 Tax=Chipapillomavirus 3  RepID=K7QH99_9PAPI	k__Viruses;K__Shotokuvirae;p__Cossaviricota;c__Papovaviricetes;o__Zurhausenvirales;f__Papillomaviridae;g__Chipapillomavirus;s__Chipapillomavirus 3	Cossaviricota
AAQR01_EVE013	high	100	viral (7)	envelope (7)	AAQR01387876.1_2130-2488:-	2.59e-35	57	Nuclear envelope pore membrane protein (Fragment) n=2 Tax=Laurasiatheria  RepID=A0A2F0BH23_ESCRO	NA	NA	Chordata
AAQR01_EVE014	high	100	viral (1)	VDB (1)	AAQR01469401.1_417-1157:-	8.52e-7	27.2	overlapping protein/movement protein [Physalis mottle virus] acc=NP_619755.1 	overlapping protein/movement protein [Physalis mottle virus] acc=NP_619755.1 	k__Viruses;K__Orthornavirae;p__Kitrinoviricota;c__Alsuviricetes;o__Tymovirales;f__Tymoviridae;g__Tymovirus;s__Tymovirus physalis	Kitrinoviricota
AAQR01_EVE015	high	100	viral (1)	VDB (1)	AAQR01480255.1_1903-2453:-	3.81e-6	31	putative movement protein [Olive latent virus 3] acc=YP_003475890.1 	putative movement protein [Olive latent virus 3] acc=YP_003475890.1 	k__Viruses;K__Orthornavirae;p__Kitrinoviricota;c__Alsuviricetes;o__Tymovirales;f__Tymoviridae;g__Marafivirus;s__Marafivirus oleae	Kitrinoviricota
AAQR01_EVE016	high	100	viral (11)	VDB (11)	AAQR01481776.1_2196-2393:-	1.21e-6	100	polyprotein [Bovine viral diarrhea virus 1] acc=AAF82566.1 	polyprotein [Bovine viral diarrhea virus 1] acc=AAF82566.1 	k__Viruses;K__Orthornavirae;p__Kitrinoviricota;c__Flasuviricetes;o__Amarillovirales;f__Flaviviridae;g__Pestivirus;s__Pestivirus bovis	Kitrinoviricota
AAQR01_EVE017	high	100	viral (3)	VDB (2), UDB Viruses (1)	AAQR01497758.1_1116-1413:+	6.23e-5	37.3	Regulatory protein E2 n=1 Tax=Rousettus aegyptiacus papillomavirus 1  RepID=Q0QIH8_9PAPI	Regulatory protein E2 n=1 Tax=Rousettus aegyptiacus papillomavirus 1  RepID=Q0QIH8_9PAPI	k__Viruses;K__Shotokuvirae;p__Cossaviricota;c__Papovaviricetes;o__Zurhausenvirales;f__Papillomaviridae;g__Psipapillomavirus;s__Psipapillomavirus 1	Cossaviricota
AAQR01_EVE018	high	100	viral (1)	VDB (1)	AAQR01504150.1_301-760:-	7.59e-6	29.8	movement protein [Alcea yellow mosaic virus] acc=UYG50034.1 	movement protein [Alcea yellow mosaic virus] acc=UYG50034.1 	k__Viruses;K__Orthornavirae;p__Kitrinoviricota;c__Alsuviricetes;o__Tymovirales;f__Tymoviridae;g__unclassified Tymoviridae genus;s__Alcea yellow mosaic virus	Kitrinoviricota
AAQR01_EVE019	high	100	viral (1)	VDB (1)	AAQR01526509.1_2108-2875:+	2.53e-6	28.8	putative movement protein [Olive latent virus 3] acc=YP_003475890.1 	putative movement protein [Olive latent virus 3] acc=YP_003475890.1 	k__Viruses;K__Orthornavirae;p__Kitrinoviricota;c__Alsuviricetes;o__Tymovirales;f__Tymoviridae;g__Marafivirus;s__Marafivirus oleae	Kitrinoviricota
AAQR01_EVE020	high	100	viral (1)	VDB (1)	AAQR01530028.1_981-1580:-	5.93e-6	28.3	overlapping protein/movement protein [Physalis mottle virus] acc=NP_619755.1 	overlapping protein/movement protein [Physalis mottle virus] acc=NP_619755.1 	k__Viruses;K__Orthornavirae;p__Kitrinoviricota;c__Alsuviricetes;o__Tymovirales;f__Tymoviridae;g__Tymovirus;s__Tymovirus physalis	Kitrinoviricota
AAQR01_EVE021	high	100	viral (1)	VDB (1)	AAQR01536126.1_492-1040:+	7.54e-6	30.9	E2 [Canis familiaris papillomavirus 14] acc=YP_007195268.1 	E2 [Canis familiaris papillomavirus 14] acc=YP_007195268.1 	k__Viruses;K__Shotokuvirae;p__Cossaviricota;c__Papovaviricetes;o__Zurhausenvirales;f__Papillomaviridae;g__Chipapillomavirus;s__Chipapillomavirus 3	Cossaviricota
AAQR01_EVE022	high	100	viral (1)	VDB (1)	AAQR01545631.1_102-414:+	6.07e-8	37.2	movement protein [Watercress white vein virus] acc=AFC95825.1 	movement protein [Watercress white vein virus] acc=AFC95825.1 	k__Viruses;K__Orthornavirae;p__Kitrinoviricota;c__Alsuviricetes;o__Tymovirales;f__Tymoviridae;g__Tymovirus;s__Watercress white vein virus	Kitrinoviricota
AAQR01_EVE023	high	100	viral (2)	UDB Viruses (1), VDB (1)	AAQR01554535.1_1254-1431:-	8.53e-8	43.5	polyprotein [Hepeviridae] acc=AGO64925.1 	polyprotein [Hepeviridae] acc=AGO64925.1 	k__Viruses;K__Orthornavirae;p__Kitrinoviricota;c__Alsuviricetes;o__Hepelivirales;f__Hepeviridae;g__unclassified Hepeviridae genus;s__Hepatitis E virus	Kitrinoviricota
AAQR01_EVE024	high	100	viral (1)	VDB (1)	AAQR01573555.1_116-340:-	1.72e-7	38.7	hypothetical protein [Totiviridae sp.] acc=WAK77598.1 	hypothetical protein [Totiviridae sp.] acc=WAK77598.1 	k__Viruses;K__Orthornavirae;p__Duplornaviricota;c__Chrymotiviricetes;o__Ghabrivirales;f__Totiviridae;g__unclassified Totiviridae genus;s__Totiviridae sp.	Duplornaviricota
AAQR01_EVE025	high	100	viral (1)	VDB (1)	AAQR01595138.1_1809-2212:-	5.97e-8	39	E2 [Canis familiaris papillomavirus 15] acc=AGA15834.1 	E2 [Canis familiaris papillomavirus 15] acc=AGA15834.1 	k__Viruses;K__Shotokuvirae;p__Cossaviricota;c__Papovaviricetes;o__Zurhausenvirales;f__Papillomaviridae;g__Chipapillomavirus;s__Chipapillomavirus 3	Cossaviricota
AAQR01_EVE026	high	100	viral (1)	VDB (1)	AAQR01606387.1_461-798:-	8.57e-7	27.2	NS3 [Bat faecal coronavirus] acc=UVF62113.1 	NS3 [Bat faecal coronavirus] acc=UVF62113.1 	k__Viruses;K__Orthornavirae;p__Pisuviricota;c__Pisoniviricetes;o__Nidovirales;f__Coronaviridae;g__unclassified Coronaviridae genus;s__Bat faecal coronavirus	Pisuviricota
AAQR01_EVE027	high	100	viral (2)	UDB Viruses (1), VDB (1)	AAQR01612066.1_406-803:+	1.15e-9	32.8	replicase [Fusarium boothii large flexivirus 1] acc=BBG56025.1 	replicase [Fusarium boothii large flexivirus 1] acc=BBG56025.1 	k__Viruses;K__Orthornavirae;p__Kitrinoviricota;c__Alsuviricetes;o__Tymovirales;f__unclassified Tymovirales family;g__unclassified Tymovirales genus;s__Fusarium boothii large flexivirus 1	Kitrinoviricota
AAQR01_EVE028	high	100	viral (8)	endogenous (5), VDB (3)	AAQR01628750.1_2750-3728:-	2.0699999999999998e-88	52.8	Endogenous bonravirus-N like element 1 protein n=2 Tax=Miniopterus  RepID=A0A8J9WUX7_MINFU	nucleoprotein [Mexican black-tailed rattlesnake bornavirus] acc=YP_010798895.1 	k__Viruses;K__Orthornavirae;p__Negarnaviricota;c__Monjiviricetes;o__Mononegavirales;f__Bornaviridae;g__Orthobornavirus;s__Orthobornavirus caenophidiae	Chordata
AAQR01_EVE029	high	100	viral (2)	UDB Viruses (1), VDB (1)	AAQR01628797.1_6712-7042:-	5.45e-8	34.8	movement protein [Eggplant mosaic virus] acc=NP_040967.1 	movement protein [Eggplant mosaic virus] acc=NP_040967.1 	k__Viruses;K__Orthornavirae;p__Kitrinoviricota;c__Alsuviricetes;o__Tymovirales;f__Tymoviridae;g__Tymovirus;s__Tymovirus melongenae	Kitrinoviricota
AAQR01_EVE030	high	100	viral (2)	UDB Viruses (1), VDB (1)	AAQR01640099.1_382-639:+	1.13e-7	33.3	structural polyprotein [Guangdong chinese water snake rubivirus] acc=AVM87615.1 	structural polyprotein [Guangdong chinese water snake rubivirus] acc=AVM87615.1 	k__Viruses;K__Orthornavirae;p__Kitrinoviricota;c__Alsuviricetes;o__Hepelivirales;f__Matonaviridae;g__Rubivirus;s__Guangdong chinese water snake rubivirus	Kitrinoviricota
AAQR01_EVE031	high	100	viral (2)	UDB Viruses (1), VDB (1)	AAQR01718297.1_204-743:-	1.46e-7	29.4	overlapping protein/movement protein [Physalis mottle virus] acc=NP_619755.1 	overlapping protein/movement protein [Physalis mottle virus] acc=NP_619755.1 	k__Viruses;K__Orthornavirae;p__Kitrinoviricota;c__Alsuviricetes;o__Tymovirales;f__Tymoviridae;g__Tymovirus;s__Tymovirus physalis	Kitrinoviricota
AAQR01_EVE032	high	100	viral (1)	VDB (1)	AAQR01734459.1_277-531:+	5.58e-7	31.9	small t-antigen [Betapolyomavirus arplanirostris] acc=YP_009507665.1 	small t-antigen [Betapolyomavirus arplanirostris] acc=YP_009507665.1 	k__Viruses;K__Shotokuvirae;p__Cossaviricota;c__Papovaviricetes;o__Sepolyvirales;f__Polyomaviridae;g__Betapolyomavirus;s__Betapolyomavirus arplanirostris	Cossaviricota
AAQR01_EVE033	high	92	viral (19), maybe-viral (2)	VDB (11), envelope (8), uncharacterized protein (2)	AAQR01681474.1_327-764:-	8.100000000000001e-63	71.2	Envelope glycoprotein n=5 Tax=Murinae  RepID=A0A8I6AMY3_RAT	envelope glycoprotein [Mus cervicolor popaeus endogenous virus] acc=AAK16156.1 	k__Viruses;K__Pararnavirae;p__Artverviricota;c__Revtraviricetes;o__Ortervirales;f__Retroviridae;g__Gammaretrovirus;s__Murine leukemia virus	Artverviricota
AAQR01_EVE034	high	88	viral (15), non-viral (2)	VDB (7), endogenous (5), UDB Viruses (3), annotated protein of Eukaryota (1), annotated protein of unclassified root superkingdom (1)	AAQR01273003.1_85-882:-	2.56e-14	28.5	Nucleoprotein n=346 Tax=root  RepID=NCAP_BDVV	p40 [Variegated squirrel bornavirus 1] acc=CEK41887.1 	k__Viruses;K__Orthornavirae;p__Negarnaviricota;c__Monjiviricetes;o__Mononegavirales;f__Bornaviridae;g__Orthobornavirus;s__Orthobornavirus sciuri	Negarnaviricota
AAQR01_EVE035	high	88	viral (6), maybe-viral (1)	UDB Viruses (5), uncharacterized protein (1), VDB (1)	AAQR01330935.1_4704-5540:+	8.27e-29	31.3	Glycoprotein n=1 Tax=finepatterned puffer bornavirus  RepID=A0AA48P900_9MONO	Glycoprotein n=1 Tax=finepatterned puffer bornavirus  RepID=A0AA48P900_9MONO	k__Viruses;K__Orthornavirae;p__Negarnaviricota;c__Monjiviricetes;o__Mononegavirales;f__Bornaviridae;g__unclassified Bornaviridae genus;s__finepatterned puffer bornavirus	Negarnaviricota
AAQR01_EVE036	high	84	viral (5), maybe-viral (1)	UDB Viruses (4), uncharacterized protein (1), VDB (1)	AAQR01330935.1_2794-3445:+	1.44e-31	37.1	uncharacterized protein LOC120990771 n=1 Tax=Bufo bufo  RepID=UPI001ABE6B9C	glycoprotein [Murray-Darling carp cultervirus] acc=QUF61507.1 	k__Viruses;K__Orthornavirae;p__Negarnaviricota;c__Monjiviricetes;o__Mononegavirales;f__Bornaviridae;g__Cultervirus;s__Murray-Darling carp cultervirus	Negarnaviricota
AAQR01_EVE037	high	83	viral (5), maybe-viral (1)	UDB Viruses (4), uncharacterized protein (1), VDB (1)	AAQR01305471.1_2833-4269:-	6.159999999999999e-112	44.8	uncharacterized protein LOC120990771 n=1 Tax=Bufo bufo  RepID=UPI001ABE6B9C	Glycoprotein n=1 Tax=electric eel bornavirus  RepID=A0AA48PAP3_9MONO	k__Viruses;K__Orthornavirae;p__Negarnaviricota;c__Monjiviricetes;o__Mononegavirales;f__Bornaviridae;g__unclassified Bornaviridae genus;s__electric eel bornavirus	Negarnaviricota
AAQR01_EVE038	high	79	viral (16), non-viral (3), retro (1)	envelope (10), VDB (4), annotated protein of Eukaryota (3), viral (2), retro (1)	AAQR01587487.1_137-574:+	4.0700000000000004e-59	63	retrovirus-related Env polyprotein from Fv-4 locus n=3 Tax=Laurasiatheria  RepID=UPI000767253B	envelope glycoprotein [Rhinolophus ferrumequinum retrovirus] acc=AFA52560.1 	k__Viruses;K__Pararnavirae;p__Artverviricota;c__Revtraviricetes;o__Ortervirales;f__Retroviridae;g__Gammaretrovirus;s__Bat gammaretrovirus	Chordata
AAQR01_EVE039	high	74	viral (2), maybe-viral (1)	UDB Viruses (1), uncharacterized protein (1), VDB (1)	AAQR01312764.1_28-445:-	1.7e-9	30	glycoprotein [Murray-Darling carp cultervirus] acc=QUF61507.1 	glycoprotein [Murray-Darling carp cultervirus] acc=QUF61507.1 	k__Viruses;K__Orthornavirae;p__Negarnaviricota;c__Monjiviricetes;o__Mononegavirales;f__Bornaviridae;g__Cultervirus;s__Murray-Darling carp cultervirus	Negarnaviricota
AAQR01_EVE040	high	74	viral (2), maybe-viral (1)	UDB Viruses (1), uncharacterized protein (1), VDB (1)	AAQR01640857.1_44-455:+	3.48e-10	36.1	Glycoprotein n=1 Tax=finepatterned puffer bornavirus  RepID=A0AA48P900_9MONO	Glycoprotein n=1 Tax=finepatterned puffer bornavirus  RepID=A0AA48P900_9MONO	k__Viruses;K__Orthornavirae;p__Negarnaviricota;c__Monjiviricetes;o__Mononegavirales;f__Bornaviridae;g__unclassified Bornaviridae genus;s__finepatterned puffer bornavirus	Negarnaviricota
AAQR01_EVE041	high	73	viral (2), maybe-viral (1)	UDB Viruses (1), uncharacterized protein (1), VDB (1)	AAQR01480124.1_94-867:-	4.41e-5	30.4	Movement protein n=1 Tax=Asclepias asymptomatic virus  RepID=F5A8F3_9VIRU	Movement protein n=1 Tax=Asclepias asymptomatic virus  RepID=F5A8F3_9VIRU	k__Viruses;K__Orthornavirae;p__Kitrinoviricota;c__Alsuviricetes;o__Tymovirales;f__Tymoviridae;g__Tymovirus;s__Asclepias asymptomatic virus	Kitrinoviricota
AAQR01_EVE042	high	71	viral (15), non-viral (4), false-viral (1)	viral (15), annotated protein of Eukaryota (4), ubiquitin (1)	AAQR01441004.1_560-763:+	1.64e-16	60.9	baculoviral IAP repeat-containing protein 7 isoform X6 n=2 Tax=Eutheria  RepID=UPI0023E7E962	NA	NA	Chordata
AAQR01_EVE043	high	68	viral (11), non-viral (6)	viral (11), annotated protein of Eukaryota (6)	AAQR01287258.1_14931-15410:-	3.49e-76	80.6	baculoviral IAP repeat-containing protein 3 isoform X3 n=1 Tax=Sciurus carolinensis  RepID=UPI001FB20916	NA	NA	Chordata
AAQR01_EVE044	high	67	viral (11), non-viral (7)	viral (11), annotated protein of Eukaryota (7)	AAQR01657657.1_6376-6696:+	7.969999999999998e-55	84.1	Baculoviral IAP repeat-containing protein 2 n=1081 Tax=Tetrapoda  RepID=BIRC2_HUMAN	NA	NA	Chordata
AAQR01_EVE045	high	64	viral (13), non-viral (6), maybe-viral (1)	envelope (13), annotated protein of Eukaryota (6), uncharacterized protein (1)	AAQR01711019.1_1568-2494:-	9.01e-105	60.4	Huntingtin-interacting protein 1 n=3 Tax=Boreoeutheria  RepID=G3HA18_CRIGR	NA	NA	Chordata
AAQR01_EVE046	high	63	viral (12), non-viral (7), maybe-viral (1)	viral (12), annotated protein of Eukaryota (7), uncharacterized protein (1)	AAQR01287258.1_14619-14843:-	1.26e-44	92	baculoviral IAP repeat-containing protein 3 isoform X3 n=1 Tax=Sciurus carolinensis  RepID=UPI001FB20916	NA	NA	Chordata
AAQR01_EVE047	high	63	viral (12), non-viral (8)	viral (12), annotated protein of Eukaryota (8)	AAQR01349239.1_1485-1715:+	4.32e-43	88	Baculoviral IAP repeat containing 2 (Fragment) n=4 Tax=Euarchontoglires  RepID=H0YDY3_HUMAN	NA	NA	Chordata
AAQR01_EVE048	high	63	viral (12), non-viral (6), maybe-viral (2)	viral (12), annotated protein of Eukaryota (6), uncharacterized protein (2)	AAQR01409895.1_228-647:+	5.16e-67	78.3	Baculoviral IAP repeat-containing protein 1 n=5 Tax=Boreoeutheria  RepID=S9YA47_CAMFR	NA	NA	Chordata
AAQR01_EVE049	high	63	viral (12), non-viral (8)	viral (12), annotated protein of Eukaryota (8)	AAQR01617629.1_986-1271:-	1.74e-49	87.5	CARD domain-containing protein n=5 Tax=Boreoeutheria  RepID=A0A643CHN4_BALPH	NA	NA	Chordata
AAQR01_EVE050	high	63	viral (12), non-viral (6), maybe-viral (2)	viral (12), annotated protein of Eukaryota (6), uncharacterized protein (2)	AAQR01687275.1_493-840:-	6.96e-57	81.6	Baculoviral IAP repeat-containing protein 1 n=5 Tax=Boreoeutheria  RepID=S9YA47_CAMFR	NA	NA	Chordata
AAQR01_EVE051	high	62	viral (12), non-viral (7), maybe-viral (1)	viral (12), annotated protein of Eukaryota (7), uncharacterized protein (1)	AAQR01287275.1_1379-1678:-	1.63e-36	66	Baculoviral IAP repeat-containing protein 2 n=1081 Tax=Tetrapoda  RepID=BIRC2_HUMAN	NA	NA	Chordata
AAQR01_EVE052	high	62	viral (12), non-viral (7), maybe-viral (1)	viral (12), annotated protein of Eukaryota (7), uncharacterized protein (1)	AAQR01362367.1_688-987:+	1.63e-36	66	Baculoviral IAP repeat-containing protein 2 n=1081 Tax=Tetrapoda  RepID=BIRC2_HUMAN	NA	NA	Chordata
AAQR01_EVE053	high	61	viral (12), non-viral (7), maybe-viral (1)	viral (12), annotated protein of Eukaryota (7), uncharacterized protein (1)	AAQR01287258.1_14267-14579:-	3.05e-32	59	Baculoviral IAP repeat-containing protein 3 n=4 Tax=Boreoeutheria  RepID=A0A836A0S4_SHEEP	NA	NA	Chordata
AAQR01_EVE054	high	61	viral (12), non-viral (7), false-viral (1)	viral (12), annotated protein of Eukaryota (7), ubiquitin (1)	AAQR01362367.1_25-303:+	3.69e-57	92.5	Baculoviral IAP repeat containing 2 (Fragment) n=4 Tax=Euarchontoglires  RepID=H0YDY3_HUMAN	NA	NA	Chordata
AAQR01_EVE055	high	61	viral (12), non-viral (7), false-viral (1)	viral (12), annotated protein of Eukaryota (7), ubiquitin (1)	AAQR01588375.1_308-586:+	2.4999999999999996e-47	81.7	Baculoviral IAP repeat containing 2 (Fragment) n=4 Tax=Euarchontoglires  RepID=H0YDY3_HUMAN	NA	NA	Chordata
AAQR01_EVE056	high	60	viral (5), maybe-viral (2), non-viral (1)	UDB Viruses (4), uncharacterized protein (2), annotated protein of Eukaryota (1), VDB (1)	AAQR01202779.1_1221-1742:+	2.7e-25	38	Nucleoprotein n=1 Tax=Myotis brandtii  RepID=S7PTE0_MYOBR	Nucleoprotein n=1 Tax=finepatterned puffer bornavirus  RepID=A0AA48P913_9MONO	k__Viruses;K__Orthornavirae;p__Negarnaviricota;c__Monjiviricetes;o__Mononegavirales;f__Bornaviridae;g__unclassified Bornaviridae genus;s__finepatterned puffer bornavirus	Negarnaviricota
AAQR01_EVE057	high	59	viral (11), non-viral (9)	viral (11), annotated protein of Eukaryota (9)	AAQR01362367.1_370-651:+	3.84e-62	94.7	Baculoviral IAP repeat containing 2 (Fragment) n=4 Tax=Euarchontoglires  RepID=H0YDY3_HUMAN	NA	NA	Chordata
AAQR01_EVE058	high	59	viral (11), non-viral (9)	viral (11), annotated protein of Eukaryota (9)	AAQR01588375.1_653-934:+	1.45e-59	91.5	Baculoviral IAP repeat containing 2 (Fragment) n=4 Tax=Euarchontoglires  RepID=H0YDY3_HUMAN	NA	NA	Chordata
AAQR01_EVE059	high	59	viral (11), non-viral (9)	viral (11), annotated protein of Eukaryota (9)	AAQR01655300.1_2789-3070:-	1.45e-59	91.5	Baculoviral IAP repeat containing 2 (Fragment) n=4 Tax=Euarchontoglires  RepID=H0YDY3_HUMAN	NA	NA	Chordata
AAQR01_EVE060	high	59	viral (11), non-viral (8), false-viral (1)	viral (11), annotated protein of Eukaryota (8), ubiquitin (1)	AAQR01655300.1_3137-3421:-	4.18e-49	83.9	Baculoviral IAP repeat containing 2 (Fragment) n=4 Tax=Euarchontoglires  RepID=H0YDY3_HUMAN	NA	NA	Chordata
AAQR01_EVE061	high	59	viral (11), non-viral (9)	viral (11), annotated protein of Eukaryota (9)	AAQR01657657.1_6764-7040:+	4.32e-48	82.1	CARD domain-containing protein n=5 Tax=Boreoeutheria  RepID=A0A643CHN4_BALPH	NA	NA	Chordata
AAQR01_EVE062	high	58	maybe-viral (1), viral (1)	uncharacterized protein (1), VDB (1)	AAQR01231940.1_226-1210:+	1.06e-5	28.7	Uncharacterized protein n=1 Tax=Dimargaris cristalligena  RepID=A0A4P9ZLB6_9FUNG	movement protein [Turnip yellow mosaic virus] acc=AMH40124.1 	k__Viruses;K__Orthornavirae;p__Kitrinoviricota;c__Alsuviricetes;o__Tymovirales;f__Tymoviridae;g__Tymovirus;s__Tymovirus brassicae	Kitrinoviricota
AAQR01_EVE063	high	58	viral (11), non-viral (9)	viral (11), annotated protein of Eukaryota (9)	AAQR01287275.1_1715-1984:-	1.41e-58	94.4	Baculoviral IAP repeat containing 2 (Fragment) n=4 Tax=Euarchontoglires  RepID=H0YDY3_HUMAN	NA	NA	Chordata
AAQR01_EVE064	high	58	viral (11), non-viral (8), false-viral (1)	viral (11), annotated protein of Eukaryota (8), ubiquitin (1)	AAQR01349239.1_1042-1296:+	2.14e-45	90.6	Baculoviral IAP repeat-containing protein 2 n=1 Tax=Galemys pyrenaicus  RepID=A0A8J6ATA4_GALPY	NA	NA	Chordata
AAQR01_EVE065	high	57	viral (11), non-viral (8), maybe-viral (1)	viral (11), annotated protein of Eukaryota (8), uncharacterized protein (1)	AAQR01349239.1_1752-2012:+	6.669999999999999e-45	86.2	Baculoviral IAP repeat-containing protein 2 n=7 Tax=Theria  RepID=A0A3Q7T2Q0_VULVU	NA	NA	Chordata
AAQR01_EVE066	high	57	viral (11), non-viral (8), false-viral (1)	viral (11), annotated protein of Eukaryota (8), ubiquitin (1)	AAQR01617629.1_1395-1610:-	4.03e-41	93.1	CARD domain-containing protein n=5 Tax=Boreoeutheria  RepID=A0A643CHN4_BALPH	NA	NA	Chordata
AAQR01_EVE067	high	57	viral (11), non-viral (8), maybe-viral (1)	viral (11), annotated protein of Eukaryota (8), uncharacterized protein (1)	AAQR01617629.1_692-949:-	4.26e-46	84.9	Baculoviral IAP repeat-containing protein 2 n=7 Tax=Theria  RepID=A0A3Q7T2Q0_VULVU	NA	NA	Chordata
AAQR01_EVE068	high	56	viral (11), non-viral (8), maybe-viral (1)	viral (11), annotated protein of Eukaryota (8), uncharacterized protein (1)	AAQR01438240.1_805-1005:-	1.4500000000000002e-27	68.1	Baculoviral IAP repeat-containing protein 2 n=4 Tax=Gnathostomata  RepID=A0A1U7SKD3_CARSF	NA	NA	Chordata
AAQR01_EVE069	high	56	viral (11), non-viral (8), maybe-viral (1)	viral (11), annotated protein of Eukaryota (8), uncharacterized protein (1)	AAQR01655300.1_2450-2725:-	1.41e-44	83	Baculoviral IAP repeat-containing protein 2 n=1081 Tax=Tetrapoda  RepID=BIRC2_HUMAN	NA	NA	Chordata
AAQR01_EVE070	high	53	viral (10), non-viral (8), maybe-viral (2)	viral (10), annotated protein of Eukaryota (8), uncharacterized protein (2)	AAQR01315947.1_179-363:-	5.79e-31	87.3	Baculoviral IAP repeat-containing protein 2 n=1081 Tax=Tetrapoda  RepID=BIRC2_HUMAN	NA	NA	Chordata
AAQR01_EVE071	high	52	viral (10), non-viral (8), maybe-viral (2)	viral (10), annotated protein of Eukaryota (8), uncharacterized protein (2)	AAQR01104939.1_478-627:+	1.25e-28	92	Baculoviral IAP repeat-containing protein 2 n=7 Tax=Theria  RepID=A0A3Q7T2Q0_VULVU	NA	NA	Chordata
AAQR01_EVE072	high	52	viral (10), non-viral (8), maybe-viral (2)	viral (10), annotated protein of Eukaryota (8), uncharacterized protein (2)	AAQR01564122.1_1200-1337:-	7.51e-22	88.6	RING-type domain-containing protein n=33 Tax=Gnathostomata  RepID=A0A287D8Y4_ICTTR	NA	NA	Chordata
AAQR01_EVE073	high	52	viral (10), non-viral (9), maybe-viral (1)	viral (10), annotated protein of Eukaryota (9), uncharacterized protein (1)	AAQR01588375.1_998-1193:+	7.89e-23	77.9	Baculoviral IAP repeat-containing protein 2 n=1081 Tax=Tetrapoda  RepID=BIRC2_HUMAN	NA	NA	Chordata
AAQR01_EVE074	high	52	viral (10), non-viral (9), maybe-viral (1)	viral (10), annotated protein of Eukaryota (9), uncharacterized protein (1)	AAQR01657657.1_7128-7277:+	2.86e-20	83.3	Baculoviral IAP repeat-containing protein 2 n=4 Tax=Gnathostomata  RepID=A0A1U7SKD3_CARSF	NA	NA	Chordata
AAQR01_EVE075	high	52	viral (10), non-viral (8), maybe-viral (2)	viral (10), annotated protein of Eukaryota (8), uncharacterized protein (2)	AAQR01719599.1_314-463:+	1.25e-28	92	Baculoviral IAP repeat-containing protein 2 n=7 Tax=Theria  RepID=A0A3Q7T2Q0_VULVU	NA	NA	Chordata
AAQR01_EVE076	high	52	viral (10), non-viral (9), maybe-viral (1)	viral (10), annotated protein of Eukaryota (9), uncharacterized protein (1)	AAQR01722542.1_735-995:+	1.9799999999999997e-52	92	Baculoviral IAP repeat-containing protein 2 n=1081 Tax=Tetrapoda  RepID=BIRC2_HUMAN	NA	NA	Chordata
AAQR01_EVE077	high	50	maybe-viral (2), viral (2), non-viral (1)	uncharacterized protein (2), annotated protein of Eukaryota (1), UDB Viruses (1), VDB (1)	AAQR01604454.1_528-809:+	1.29e-9	37.2	hypothetical protein [Wenzhou Pipistrellus abramus orthohepevirus 1] acc=QUS47386.1 	hypothetical protein [Wenzhou Pipistrellus abramus orthohepevirus 1] acc=QUS47386.1 	k__Viruses;K__Orthornavirae;p__Kitrinoviricota;c__Alsuviricetes;o__Hepelivirales;f__Hepeviridae;g__Orthohepevirus;s__Wenzhou Pipistrellus abramus orthohepevirus 1	Arthropoda
AAQR01_EVE078	high	50	viral (10), non-viral (9), maybe-viral (1)	VDB (9), annotated protein of Eukaryota (5), annotated protein of unclassified root superkingdom (4), glycoprotein protein (1), UDB Viruses (1)	AAQR01610569.1_9708-10019:+	1.15e-68	100	CD200 molecule n=35 Tax=root  RepID=H0WFS0_OTOGA	E54 [Elephant endotheliotropic herpesvirus 1A] acc=QOE74757.1 	k__Viruses;K__Heunggongvirae;p__Peploviricota;c__Herviviricetes;o__Herpesvirales;f__Orthoherpesviridae;g__Proboscivirus;s__Proboscivirus elephantidbeta1	Peploviricota
AAQR01_EVE079	high	48	non-viral (1), viral (1)	annotated protein of Eukaryota (1), VDB (1)	AAQR01038678.1_402-1138:-	9.44e-5	29.3	RNA-directed DNA polymerase n=3 Tax=Ornithorhynchus anatinus  RepID=A0A6I8NIZ3_ORNAN	movement protein [Tomato yellow blotch virus] acc=AEP40394.1 	k__Viruses;K__Orthornavirae;p__Kitrinoviricota;c__Alsuviricetes;o__Tymovirales;f__Tymoviridae;g__unclassified Tymoviridae genus;s__Tomato yellow blotch virus	Chordata
AAQR01_EVE080	high	47	non-viral (9), viral (9), maybe-viral (2)	annotated protein of Eukaryota (9), viral (9), uncharacterized protein (2)	AAQR01204565.1_2648-2797:-	2.87e-23	82	Baculoviral IAP repeat-containing protein 2 n=7 Tax=Theria  RepID=A0A3Q7T2Q0_VULVU	NA	NA	Chordata
AAQR01_EVE081	high	47	non-viral (1), viral (1)	annotated protein of Eukaryota (1), VDB (1)	AAQR01483289.1_3905-5066:+	9.06e-7	31.2	Small nuclear RNA activating complex polypeptide 1 n=1 Tax=Falco tinnunculus  RepID=A0A8C4UXB6_FALTI	movement protein [Watercress white vein virus] acc=AFC95825.1 	k__Viruses;K__Orthornavirae;p__Kitrinoviricota;c__Alsuviricetes;o__Tymovirales;f__Tymoviridae;g__Tymovirus;s__Watercress white vein virus	Chordata
AAQR01_EVE082	high	46	maybe-viral (3), viral (2), non-viral (1)	uncharacterized protein (3), VDB (2), annotated protein of unclassified root superkingdom (1)	AAQR01327687.1_743-1805:+	3.1e-59	37.6	N [Jungle carpet python virus] acc=YP_009508479.1 	N [Jungle carpet python virus] acc=YP_009508479.1 	k__Viruses;K__Orthornavirae;p__Negarnaviricota;c__Monjiviricetes;o__Mononegavirales;f__Bornaviridae;g__Carbovirus;s__Carbovirus queenslandense	Chordata
AAQR01_EVE083	high	46	non-viral (1), viral (1)	annotated protein of Bacteria (1), VDB (1)	AAQR01670374.1_78-672:+	1.82e-5	32.3	Ribonuclease R n=1 Tax=Acidobacteriota bacterium  RepID=A0A3M1PYI8_UNCAI	p43 [Maize rayado fino virus] acc=AIY22518.1 	k__Viruses;K__Orthornavirae;p__Kitrinoviricota;c__Alsuviricetes;o__Tymovirales;f__Tymoviridae;g__Marafivirus;s__Marafivirus maydis	Acidobacteriota
AAQR01_EVE084	high	44	maybe-viral (2), viral (1)	uncharacterized protein (2), VDB (1)	AAQR01339717.1_266-1321:-	3.68e-7	29.8	Uncharacterized protein n=1 Tax=Pangasianodon hypophthalmus  RepID=A0A5N5NW01_PANHP	movement protein [Turnip yellow mosaic virus] acc=AMH40124.1 	k__Viruses;K__Orthornavirae;p__Kitrinoviricota;c__Alsuviricetes;o__Tymovirales;f__Tymoviridae;g__Tymovirus;s__Tymovirus brassicae	Chordata
AAQR01_EVE085	high	37	non-viral (12), viral (8)	annotated protein of Eukaryota (12), VDB (6), UDB Viruses (2)	AAQR01457725.1_1322-1803:-	3.48e-17	37.7	DnaJ-like protein subfamily C member 14 n=4 Tax=Theria  RepID=A0AA41MW37_SCICA	polyprotein [Bovine viral diarrhea virus 1] acc=AAO86641.1 	k__Viruses;K__Orthornavirae;p__Kitrinoviricota;c__Flasuviricetes;o__Amarillovirales;f__Flaviviridae;g__Pestivirus;s__Pestivirus bovis	Chordata
AAQR01_EVE086	high	35	non-viral (11), viral (8), false-viral (1)	annotated protein of Eukaryota (11), VDB (6), UDB Viruses (2), heat shock (1)	AAQR01734178.1_1055-1415:-	1.73e-13	38.2	DnaJ-like protein subfamily C member 14 n=4 Tax=Theria  RepID=A0AA41MW37_SCICA	polyprotein [Bovine viral diarrhea virus 1] acc=AAO86641.1 	k__Viruses;K__Orthornavirae;p__Kitrinoviricota;c__Flasuviricetes;o__Amarillovirales;f__Flaviviridae;g__Pestivirus;s__Pestivirus bovis	Chordata
AAQR01_EVE087	high	32	maybe-viral (6), non-viral (2), viral (2)	uncharacterized protein (6), annotated protein of Eukaryota (2), VDB (2)	AAQR01295658.1_862-1568:-	5.34e-8	32.8	movement protein [Inya insect-associated virus] acc=UNZ11798.1 	movement protein [Inya insect-associated virus] acc=UNZ11798.1 	k__Viruses;K__unclassified Viruses kingdom;p__unclassified Viruses phylum;c__unclassified Viruses class;o__unclassified Viruses order;f__unclassified Viruses family;g__unclassified Viruses genus;s__Inya insect-associated virus	Arthropoda
AAQR01_EVE088	low	62	viral (12), retro (6), maybe-viral (1), non-viral (1)	envelope (9), retro (6), VDB (3), annotated protein of Eukaryota (1), uncharacterized protein (1)	AAQR01607782.1_267-578:+	4.01e-51	73.1	endogenous retrovirus group 3 member 1 Env polyprotein-like n=1 Tax=Macaca nemestrina  RepID=UPI0005F45588	env protein [Human endogenous retrovirus HCML-ARV] acc=AAP06678.1 	k__Viruses;K__Pararnavirae;p__Artverviricota;c__Revtraviricetes;o__Ortervirales;f__Retroviridae;g__unclassified Retroviridae genus;s__Human endogenous retrovirus	Chordata
AAQR01_EVE089	low	59	viral (12), retro (7), maybe-viral (1), non-viral (1)	envelope (9), retro (7), VDB (3), annotated protein of Eukaryota (1), uncharacterized protein (1)	AAQR01493258.1_951-1319:+	1.22e-53	68.3	endogenous retrovirus group 3 member 1 Env polyprotein-like n=1 Tax=Macaca nemestrina  RepID=UPI0005F45588	env protein [Human endogenous retrovirus HCML-ARV] acc=AAP06678.1 	k__Viruses;K__Pararnavirae;p__Artverviricota;c__Revtraviricetes;o__Ortervirales;f__Retroviridae;g__unclassified Retroviridae genus;s__Human endogenous retrovirus	Chordata
AAQR01_EVE090	low	58	viral (11), retro (6), maybe-viral (2), non-viral (1)	envelope (8), retro (6), VDB (3), uncharacterized protein (2), annotated protein of Eukaryota (1)	AAQR01205280.1_279-653:+	6.4e-60	68.8	endogenous retrovirus group 3 member 1 Env polyprotein-like n=1 Tax=Macaca nemestrina  RepID=UPI0005F45588	env protein [Human endogenous retrovirus HCML-ARV] acc=AAP06678.1 	k__Viruses;K__Pararnavirae;p__Artverviricota;c__Revtraviricetes;o__Ortervirales;f__Retroviridae;g__unclassified Retroviridae genus;s__Human endogenous retrovirus	Chordata
AAQR01_EVE091	low	58	viral (11), retro (6), maybe-viral (2), non-viral (1)	envelope (8), retro (6), VDB (3), uncharacterized protein (2), annotated protein of Eukaryota (1)	AAQR01387302.1_689-1063:-	7.499999999999999e-55	64.8	env protein [Human endogenous retrovirus HCML-ARV] acc=AAP06678.1 	env protein [Human endogenous retrovirus HCML-ARV] acc=AAP06678.1 	k__Viruses;K__Pararnavirae;p__Artverviricota;c__Revtraviricetes;o__Ortervirales;f__Retroviridae;g__unclassified Retroviridae genus;s__Human endogenous retrovirus	Chordata
AAQR01_EVE092	low	58	viral (11), retro (6), maybe-viral (2), non-viral (1)	envelope (8), retro (6), VDB (3), uncharacterized protein (2), annotated protein of Eukaryota (1)	AAQR01518801.1_458-832:-	7.499999999999999e-55	64.8	env protein [Human endogenous retrovirus HCML-ARV] acc=AAP06678.1 	env protein [Human endogenous retrovirus HCML-ARV] acc=AAP06678.1 	k__Viruses;K__Pararnavirae;p__Artverviricota;c__Revtraviricetes;o__Ortervirales;f__Retroviridae;g__unclassified Retroviridae genus;s__Human endogenous retrovirus	Chordata
AAQR01_EVE093	low	58	viral (11), retro (6), maybe-viral (2), non-viral (1)	envelope (8), retro (6), VDB (3), uncharacterized protein (2), annotated protein of Eukaryota (1)	AAQR01662551.1_8930-9301:+	1.2900000000000001e-59	71	env protein [Human endogenous retrovirus HCML-ARV] acc=AAP06678.1 	env protein [Human endogenous retrovirus HCML-ARV] acc=AAP06678.1 	k__Viruses;K__Pararnavirae;p__Artverviricota;c__Revtraviricetes;o__Ortervirales;f__Retroviridae;g__unclassified Retroviridae genus;s__Human endogenous retrovirus	Chordata
AAQR01_EVE094	low	57	viral (11), retro (7), maybe-viral (1), non-viral (1)	envelope (8), retro (7), VDB (3), annotated protein of Eukaryota (1), uncharacterized protein (1)	AAQR01029231.1_1105-1465:-	3.19e-53	69.5	env protein [Human endogenous retrovirus HCML-ARV] acc=AAP06678.1 	env protein [Human endogenous retrovirus HCML-ARV] acc=AAP06678.1 	k__Viruses;K__Pararnavirae;p__Artverviricota;c__Revtraviricetes;o__Ortervirales;f__Retroviridae;g__unclassified Retroviridae genus;s__Human endogenous retrovirus	Chordata
AAQR01_EVE095	low	57	viral (11), retro (7), maybe-viral (1), non-viral (1)	envelope (9), retro (7), VDB (2), annotated protein of Eukaryota (1), uncharacterized protein (1)	AAQR01047778.1_1566-1934:-	9.45e-59	74	endogenous retrovirus group 3 member 1 Env polyprotein-like n=1 Tax=Macaca nemestrina  RepID=UPI0005F45588	env protein [Human endogenous retrovirus HCML-ARV] acc=AAP06678.1 	k__Viruses;K__Pararnavirae;p__Artverviricota;c__Revtraviricetes;o__Ortervirales;f__Retroviridae;g__unclassified Retroviridae genus;s__Human endogenous retrovirus	Chordata
AAQR01_EVE096	low	57	viral (12), retro (8), maybe-viral (1), non-viral (1)	envelope (9), retro (8), VDB (3), annotated protein of Eukaryota (1), uncharacterized protein (1)	AAQR01447049.1_1003-1314:-	6.34e-50	72.1	endogenous retrovirus group 3 member 1 Env polyprotein-like n=1 Tax=Macaca nemestrina  RepID=UPI0005F45588	env protein [Human endogenous retrovirus HCML-ARV] acc=AAP06678.1 	k__Viruses;K__Pararnavirae;p__Artverviricota;c__Revtraviricetes;o__Ortervirales;f__Retroviridae;g__unclassified Retroviridae genus;s__Human endogenous retrovirus	Chordata
AAQR01_EVE097	low	57	viral (11), retro (7), maybe-viral (1), non-viral (1)	envelope (9), retro (7), VDB (2), annotated protein of Eukaryota (1), uncharacterized protein (1)	AAQR01634838.1_5486-5887:+	8.94e-63	72.2	endogenous retrovirus group 3 member 1 Env polyprotein-like n=1 Tax=Macaca nemestrina  RepID=UPI0005F45588	env protein [Human endogenous retrovirus HCML-ARV] acc=AAP06678.1 	k__Viruses;K__Pararnavirae;p__Artverviricota;c__Revtraviricetes;o__Ortervirales;f__Retroviridae;g__unclassified Retroviridae genus;s__Human endogenous retrovirus	Chordata
AAQR01_EVE098	low	57	viral (11), retro (7), maybe-viral (1), non-viral (1)	envelope (9), retro (7), VDB (2), annotated protein of Eukaryota (1), uncharacterized protein (1)	AAQR01671020.1_5816-6185:+	4.18e-60	72.4	endogenous retrovirus group 3 member 1 Env polyprotein-like n=1 Tax=Macaca nemestrina  RepID=UPI0005F45588	env protein [Human endogenous retrovirus HCML-ARV] acc=AAP06678.1 	k__Viruses;K__Pararnavirae;p__Artverviricota;c__Revtraviricetes;o__Ortervirales;f__Retroviridae;g__unclassified Retroviridae genus;s__Human endogenous retrovirus	Chordata
AAQR01_EVE099	low	57	viral (11), retro (7), maybe-viral (1), non-viral (1)	envelope (8), retro (7), VDB (3), annotated protein of Eukaryota (1), uncharacterized protein (1)	AAQR01691635.1_1333-1677:+	1.86e-51	66.1	env protein [Human endogenous retrovirus HCML-ARV] acc=AAP06678.1 	env protein [Human endogenous retrovirus HCML-ARV] acc=AAP06678.1 	k__Viruses;K__Pararnavirae;p__Artverviricota;c__Revtraviricetes;o__Ortervirales;f__Retroviridae;g__unclassified Retroviridae genus;s__Human endogenous retrovirus	Chordata
AAQR01_EVE100	low	56	viral (11), retro (7), maybe-viral (2), non-viral (1)	envelope (8), retro (7), VDB (3), uncharacterized protein (2), annotated protein of Eukaryota (1)	AAQR01087655.1_1073-1469:+	5.0300000000000005e-50	65.1	env protein [Human endogenous retrovirus HCML-ARV] acc=AAP06678.1 	env protein [Human endogenous retrovirus HCML-ARV] acc=AAP06678.1 	k__Viruses;K__Pararnavirae;p__Artverviricota;c__Revtraviricetes;o__Ortervirales;f__Retroviridae;g__unclassified Retroviridae genus;s__Human endogenous retrovirus	Chordata
AAQR01_EVE101	low	55	viral (11), retro (5), non-viral (3), maybe-viral (1)	envelope (8), retro (5), annotated protein of Eukaryota (3), VDB (3), uncharacterized protein (1)	AAQR01014792.1_4474-4911:-	2.3899999999999998e-61	62.3	retrovirus-related Env polyprotein from Fv-4 locus n=3 Tax=Laurasiatheria  RepID=UPI000767253B	envelope glycoprotein [Rhinolophus ferrumequinum retrovirus] acc=AFA52560.1 	k__Viruses;K__Pararnavirae;p__Artverviricota;c__Revtraviricetes;o__Ortervirales;f__Retroviridae;g__Gammaretrovirus;s__Bat gammaretrovirus	Chordata
AAQR01_EVE102	low	45	viral (9), retro (7), non-viral (4)	retro (7), envelope (6), annotated protein of Eukaryota (4), VDB (3)	AAQR01441122.1_2029-2271:-	1.2699999999999998e-32	74.1	endogenous retrovirus group 3 member 1 Env polyprotein-like n=1 Tax=Macaca nemestrina  RepID=UPI0005F45588	env protein [Human endogenous retrovirus HCML-ARV] acc=AAP06678.1 	k__Viruses;K__Pararnavirae;p__Artverviricota;c__Revtraviricetes;o__Ortervirales;f__Retroviridae;g__unclassified Retroviridae genus;s__Human endogenous retrovirus	Chordata
AAQR01_EVE103	low	43	viral (8), retro (6), maybe-viral (3), non-viral (3)	envelope (6), retro (6), annotated protein of Eukaryota (3), uncharacterized protein (2), VDB (2), hypothetical protein (1)	AAQR01379675.1_76-407:+	1.88e-39	60.4	putative retroviral envelope protein [Homo sapiens] acc=BAG06168.1 	putative retroviral envelope protein [Homo sapiens] acc=BAG06168.1 	NA	Chordata
AAQR01_EVE104	low	43	viral (8), retro (6), maybe-viral (3), non-viral (3)	envelope (6), retro (6), annotated protein of Eukaryota (3), uncharacterized protein (2), VDB (2), hypothetical protein (1)	AAQR01422538.1_9230-9561:-	1.88e-39	60.4	putative retroviral envelope protein [Homo sapiens] acc=BAG06168.1 	putative retroviral envelope protein [Homo sapiens] acc=BAG06168.1 	NA	Chordata
AAQR01_EVE105	low	39	viral (8), non-viral (6), retro (6), maybe-viral (1)	annotated protein of Eukaryota (6), envelope (6), retro (6), VDB (2), uncharacterized protein (1)	AAQR01096258.1_49-278:-	1.27e-27	68.8	env protein [Human endogenous retrovirus HCML-ARV] acc=AAP06678.1 	env protein [Human endogenous retrovirus HCML-ARV] acc=AAP06678.1 	k__Viruses;K__Pararnavirae;p__Artverviricota;c__Revtraviricetes;o__Ortervirales;f__Retroviridae;g__unclassified Retroviridae genus;s__Human endogenous retrovirus	Chordata
AAQR01_EVE106	low	39	retro (7), viral (7), maybe-viral (4), non-viral (2)	retro (7), envelope (4), uncharacterized protein (4), VDB (3), annotated protein of Eukaryota (2)	AAQR01528773.1_2166-2486:-	9.999999999999998e-56	78.5	endogenous retrovirus group 3 member 1 Env polyprotein-like n=1 Tax=Macaca nemestrina  RepID=UPI0005F45588	env protein [Human endogenous retrovirus HCML-ARV] acc=AAP06678.1 	k__Viruses;K__Pararnavirae;p__Artverviricota;c__Revtraviricetes;o__Ortervirales;f__Retroviridae;g__unclassified Retroviridae genus;s__Human endogenous retrovirus	Chordata
AAQR01_EVE107	low	37	retro (9), viral (7), maybe-viral (2), non-viral (2)	retro (9), envelope (4), VDB (3), annotated protein of Eukaryota (2), uncharacterized protein (2)	AAQR01180631.1_11573-11860:+	6.0999999999999995e-37	67.7	endogenous retrovirus group 3 member 1 Env polyprotein-like n=1 Tax=Macaca nemestrina  RepID=UPI0005F45588	env protein [Human endogenous retrovirus HCML-ARV] acc=AAP06678.1 	k__Viruses;K__Pararnavirae;p__Artverviricota;c__Revtraviricetes;o__Ortervirales;f__Retroviridae;g__unclassified Retroviridae genus;s__Human endogenous retrovirus	Chordata
AAQR01_EVE108	low	36	viral (7), non-viral (6), retro (6), maybe-viral (1)	annotated protein of Eukaryota (6), retro (6), envelope (5), VDB (2), uncharacterized protein (1)	AAQR01454472.1_38-232:-	7.8e-28	83.1	Envelope polyprotein n=5 Tax=root  RepID=A0A5F4WCN2_CALJA	env protein [Human endogenous retrovirus HCML-ARV] acc=AAP06678.1 	k__Viruses;K__Pararnavirae;p__Artverviricota;c__Revtraviricetes;o__Ortervirales;f__Retroviridae;g__unclassified Retroviridae genus;s__Human endogenous retrovirus	Chordata
AAQR01_EVE109	low	30	maybe-viral (1), non-viral (1), viral (1)	annotated protein of Eukaryota (1), UDB Viruses (1), uncharacterized protein (1)	AAQR01574020.1_2623-3501:-	2.83e-114	57.1	Nucleoprotein n=1 Tax=Myotis brandtii  RepID=S7PTE0_MYOBR	Nucleoprotein n=1 Tax=finepatterned puffer bornavirus  RepID=A0AA48P913_9MONO	k__Viruses;K__Orthornavirae;p__Negarnaviricota;c__Monjiviricetes;o__Mononegavirales;f__Bornaviridae;g__unclassified Bornaviridae genus;s__finepatterned puffer bornavirus	Chordata
AAQR01_EVE110	low	29	non-viral (2), maybe-viral (1), viral (1)	annotated protein of Eukaryota (2), uncharacterized protein (1), VDB (1)	AAQR01005507.1_102-356:-	2.99e-6	35.9	Uncharacterized protein n=2 Tax=unclassified Peniophora  RepID=A0A166ENU7_9AGAM	E2 [Canis familiaris papillomavirus 15] acc=AGA15834.1 	k__Viruses;K__Shotokuvirae;p__Cossaviricota;c__Papovaviricetes;o__Zurhausenvirales;f__Papillomaviridae;g__Chipapillomavirus;s__Chipapillomavirus 3	Basidiomycota
AAQR01_EVE111	low	29	non-viral (2), maybe-viral (1), viral (1)	annotated protein of Eukaryota (2), uncharacterized protein (1), VDB (1)	AAQR01577125.1_1102-1436:+	2.87e-8	46.8	uncharacterized protein LOC112428820 n=1 Tax=Macaca nemestrina  RepID=UPI000D2FFB83	E2 [Canis familiaris papillomavirus 10] acc=YP_004895383.1 	k__Viruses;K__Shotokuvirae;p__Cossaviricota;c__Papovaviricetes;o__Zurhausenvirales;f__Papillomaviridae;g__Chipapillomavirus;s__Chipapillomavirus 3	Chordata
AAQR01_EVE112	low	27	maybe-viral (2), non-viral (2), viral (1)	uncharacterized protein (2), annotated protein of Bacteria (1), annotated protein of Eukaryota (1), VDB (1)	AAQR01520948.1_642-925:-	7.04e-6	48.5	zinc finger protein 775-like n=2 Tax=Pan troglodytes  RepID=UPI0023F20D66	hypothetical protein 1 [Mute swan feces associated tombus-like virus 5] acc=QUS52796.1 	k__Viruses;K__Orthornavirae;p__Kitrinoviricota;c__Tolucaviricetes;o__Tolivirales;f__Tombusviridae;g__unclassified Tombusviridae genus;s__Mute swan feces associated tombus-like virus 5	Chordata
AAQR01_EVE113	low	25	non-viral (15), viral (5), maybe-viral (1)	annotated protein of Eukaryota (15), virus (3), VDB (2), uncharacterized protein (1)	AAQR01015542.1_458-745:-	1.58e-39	74.5	Uncharacterized protein n=1 Tax=Camelus ferus  RepID=S9XI98_CAMFR	polio virus related protein 2, alpha isoform [Homo sapiens] acc=AAC82347.1 	NA	Chordata
AAQR01_EVE114	low	25	maybe-viral (8), non-viral (1), viral (1)	uncharacterized protein (8), annotated protein of Eukaryota (1), VDB (1)	AAQR01041820.1_776-1767:+	9.25e-7	28.9	Uncharacterized protein n=1 Tax=Penaeus vannamei  RepID=A0A423U5T1_PENVA	replicase polyprotein [Bee Macula-like virus] acc=WIL00270.1 	k__Viruses;K__Orthornavirae;p__Kitrinoviricota;c__Alsuviricetes;o__Tymovirales;f__Tymoviridae;g__unclassified Tymoviridae genus;s__Bee Macula-like virus	Arthropoda
AAQR01_EVE115	low	25	maybe-viral (7), non-viral (1), viral (1)	uncharacterized protein (7), annotated protein of Eukaryota (1), VDB (1)	AAQR01172903.1_284-1115:+	7.2e-18	29.3	uncharacterized protein LOC129146848 n=1 Tax=Talpa occidentalis  RepID=UPI0023F97375	movement protein [Turnip yellow mosaic virus] acc=AMH40124.1 	k__Viruses;K__Orthornavirae;p__Kitrinoviricota;c__Alsuviricetes;o__Tymovirales;f__Tymoviridae;g__Tymovirus;s__Tymovirus brassicae	Chordata
AAQR01_EVE116	low	25	non-viral (15), viral (5), maybe-viral (1)	annotated protein of Eukaryota (15), virus (3), VDB (2), uncharacterized protein (1)	AAQR01691756.1_879-1166:-	5.21e-39	72.6	Nectin-2 isoform X1 n=13 Tax=Laurasiatheria  RepID=A0A2Y9TGC1_PHYMC	polio virus related protein 2, alpha isoform [Homo sapiens] acc=AAC82347.1 	NA	Chordata
AAQR01_EVE117	low	25	non-viral (3), viral (1)	annotated protein of Eukaryota (3), VDB (1)	AAQR01721337.1_9772-10463:-	2.45e-5	32.3	translation initiation factor IF-2-like n=1 Tax=Chinchilla lanigera  RepID=UPI0006986BBB	movement protein [Switchgrass mosaic virus] acc=YP_004464921.1 	k__Viruses;K__Orthornavirae;p__Kitrinoviricota;c__Alsuviricetes;o__Tymovirales;f__Tymoviridae;g__Marafivirus;s__Switchgrass mosaic virus	Chordata
AAQR01_EVE118	low	23	non-viral (3), maybe-viral (1), viral (1)	annotated protein of Bacteria (2), annotated protein of Eukaryota (1), uncharacterized protein (1), VDB (1)	AAQR01333201.1_551-1212:+	3.03e-5	35.1	Pyridine nucleotide-disulfide oxidoreductase NADH dehydrogenase (Fragment) n=1 Tax=uncultured Nocardioides sp.  RepID=A0A6J4N0H9_9ACTN	movement protein [Turnip yellow mosaic virus] acc=AMH40124.1 	k__Viruses;K__Orthornavirae;p__Kitrinoviricota;c__Alsuviricetes;o__Tymovirales;f__Tymoviridae;g__Tymovirus;s__Tymovirus brassicae	Actinomycetota
AAQR01_EVE119	low	22	maybe-viral (11), non-viral (7), viral (2)	uncharacterized protein (11), annotated protein of Eukaryota (7), UDB Viruses (1), VDB (1)	AAQR01000258.1_14-826:-	1.06e-12	34.5	mucin-4-like n=1 Tax=Haliotis rufescens  RepID=UPI00201EBA5C	movement protein [Tomato yellow blotch virus] acc=AEP40394.1 	k__Viruses;K__Orthornavirae;p__Kitrinoviricota;c__Alsuviricetes;o__Tymovirales;f__Tymoviridae;g__unclassified Tymoviridae genus;s__Tomato yellow blotch virus	Arthropoda
AAQR01_EVE120	low	21	non-viral (6), maybe-viral (5), viral (2)	annotated protein of Eukaryota (6), uncharacterized protein (5), VDB (2)	AAQR01293509.1_433-1166:-	8.2e-9	31.9	LOW QUALITY PROTEIN: unconventional myosin-XV n=1 Tax=Gymnogyps californianus  RepID=UPI0021C5D42B	putative movement protein [Grapevine asteroid mosaic associated virus] acc=YP_009315884.1 	k__Viruses;K__Orthornavirae;p__Kitrinoviricota;c__Alsuviricetes;o__Tymovirales;f__Tymoviridae;g__Marafivirus;s__Marafivirus asteroides	Basidiomycota
AAQR01_EVE121	low	21	maybe-viral (16), non-viral (3), viral (1)	uncharacterized protein (16), annotated protein of Eukaryota (2), annotated protein of unclassified cellular organisms superkingdom (1), VDB (1)	AAQR01666373.1_3276-3380:+	1.01e-14	91.4	Sigma 2 [Phocid orthoreovirus 1] acc=QJE50384.1 	Sigma 2 [Phocid orthoreovirus 1] acc=QJE50384.1 	k__Viruses;K__Orthornavirae;p__Duplornaviricota;c__Resentoviricetes;o__Reovirales;f__Spinareoviridae;g__Orthoreovirus;s__Phocid orthoreovirus 1	Chordata
AAQR01_EVE122	low	20	maybe-viral (15), non-viral (4), viral (1)	uncharacterized protein (15), annotated protein of Eukaryota (3), annotated protein of unclassified cellular organisms superkingdom (1), VDB (1)	AAQR01019158.1_2001-2105:+	1.38e-14	91.4	Sigma 2 [Phocid orthoreovirus 1] acc=QJE50384.1 	Sigma 2 [Phocid orthoreovirus 1] acc=QJE50384.1 	k__Viruses;K__Orthornavirae;p__Duplornaviricota;c__Resentoviricetes;o__Reovirales;f__Spinareoviridae;g__Orthoreovirus;s__Phocid orthoreovirus 1	Chordata
AAQR01_EVE123	low	20	maybe-viral (4)	uncharacterized protein (4)	AAQR01114946.1_1432-2285:-	1.4499999999999996e-55	85.5	uncharacterized protein LOC105815353 n=1 Tax=Propithecus coquereli  RepID=UPI00063FCF08	NA	NA	Chordata
AAQR01_EVE124	low	20	maybe-viral (15), non-viral (4), viral (1)	uncharacterized protein (15), annotated protein of Eukaryota (3), annotated protein of unclassified cellular organisms superkingdom (1), VDB (1)	AAQR01241632.1_146-250:-	2.63e-17	100	Sigma 2 [Phocid orthoreovirus 1] acc=QJE50384.1 	Sigma 2 [Phocid orthoreovirus 1] acc=QJE50384.1 	k__Viruses;K__Orthornavirae;p__Duplornaviricota;c__Resentoviricetes;o__Reovirales;f__Spinareoviridae;g__Orthoreovirus;s__Phocid orthoreovirus 1	Chordata
AAQR01_EVE125	low	20	maybe-viral (15), non-viral (4), viral (1)	uncharacterized protein (15), annotated protein of Eukaryota (3), annotated protein of unclassified cellular organisms superkingdom (1), VDB (1)	AAQR01253074.1_446-550:-	2.63e-17	100	Sigma 2 [Phocid orthoreovirus 1] acc=QJE50384.1 	Sigma 2 [Phocid orthoreovirus 1] acc=QJE50384.1 	k__Viruses;K__Orthornavirae;p__Duplornaviricota;c__Resentoviricetes;o__Reovirales;f__Spinareoviridae;g__Orthoreovirus;s__Phocid orthoreovirus 1	Chordata
AAQR01_EVE126	low	20	maybe-viral (15), non-viral (4), viral (1)	uncharacterized protein (15), annotated protein of Eukaryota (3), annotated protein of unclassified cellular organisms superkingdom (1), VDB (1)	AAQR01371993.1_560-664:-	2.63e-17	100	Sigma 2 [Phocid orthoreovirus 1] acc=QJE50384.1 	Sigma 2 [Phocid orthoreovirus 1] acc=QJE50384.1 	k__Viruses;K__Orthornavirae;p__Duplornaviricota;c__Resentoviricetes;o__Reovirales;f__Spinareoviridae;g__Orthoreovirus;s__Phocid orthoreovirus 1	Chordata
AAQR01_EVE127	low	20	maybe-viral (15), non-viral (4), viral (1)	uncharacterized protein (15), annotated protein of Eukaryota (3), annotated protein of unclassified cellular organisms superkingdom (1), VDB (1)	AAQR01379328.1_1866-1964:+	6.75e-15	97	Sigma 2 [Phocid orthoreovirus 1] acc=QJE50384.1 	Sigma 2 [Phocid orthoreovirus 1] acc=QJE50384.1 	k__Viruses;K__Orthornavirae;p__Duplornaviricota;c__Resentoviricetes;o__Reovirales;f__Spinareoviridae;g__Orthoreovirus;s__Phocid orthoreovirus 1	Chordata
AAQR01_EVE128	low	20	maybe-viral (15), non-viral (4), viral (1)	uncharacterized protein (15), annotated protein of Eukaryota (3), annotated protein of unclassified cellular organisms superkingdom (1), VDB (1)	AAQR01401419.1_591-695:+	2.63e-17	100	Sigma 2 [Phocid orthoreovirus 1] acc=QJE50384.1 	Sigma 2 [Phocid orthoreovirus 1] acc=QJE50384.1 	k__Viruses;K__Orthornavirae;p__Duplornaviricota;c__Resentoviricetes;o__Reovirales;f__Spinareoviridae;g__Orthoreovirus;s__Phocid orthoreovirus 1	Chordata
AAQR01_EVE129	low	20	maybe-viral (15), non-viral (4), viral (1)	uncharacterized protein (15), annotated protein of Eukaryota (3), annotated protein of unclassified cellular organisms superkingdom (1), VDB (1)	AAQR01407656.1_1444-1550:+	1.51e-12	94.4	Sigma 2 [Phocid orthoreovirus 1] acc=QJE50384.1 	Sigma 2 [Phocid orthoreovirus 1] acc=QJE50384.1 	k__Viruses;K__Orthornavirae;p__Duplornaviricota;c__Resentoviricetes;o__Reovirales;f__Spinareoviridae;g__Orthoreovirus;s__Phocid orthoreovirus 1	Chordata
AAQR01_EVE130	low	20	maybe-viral (15), non-viral (4), viral (1)	uncharacterized protein (15), annotated protein of Eukaryota (3), annotated protein of unclassified cellular organisms superkingdom (1), VDB (1)	AAQR01428444.1_1440-1544:+	2.63e-17	100	Sigma 2 [Phocid orthoreovirus 1] acc=QJE50384.1 	Sigma 2 [Phocid orthoreovirus 1] acc=QJE50384.1 	k__Viruses;K__Orthornavirae;p__Duplornaviricota;c__Resentoviricetes;o__Reovirales;f__Spinareoviridae;g__Orthoreovirus;s__Phocid orthoreovirus 1	Chordata
AAQR01_EVE131	low	20	non-viral (16), viral (4)	annotated protein of Eukaryota (16), VDB (3), UDB Viruses (1)	AAQR01470046.1_3-236:+	1.94e-18	61.6	DnaJ-like protein subfamily C member 14 n=4 Tax=Theria  RepID=A0AA41MW37_SCICA	polyprotein [Bovine viral diarrhea virus 1] acc=AAO86641.1 	k__Viruses;K__Orthornavirae;p__Kitrinoviricota;c__Flasuviricetes;o__Amarillovirales;f__Flaviviridae;g__Pestivirus;s__Pestivirus bovis	Chordata
AAQR01_EVE132	low	20	maybe-viral (2)	uncharacterized protein (2)	AAQR01490778.1_780-1570:-	3.71e-73	62.2	uncharacterized protein LOC129047751 n=1 Tax=Pongo abelii  RepID=UPI0023E7E61F	NA	NA	Chordata
AAQR01_EVE133	low	20	maybe-viral (15), non-viral (4), viral (1)	uncharacterized protein (15), annotated protein of Eukaryota (3), annotated protein of unclassified cellular organisms superkingdom (1), VDB (1)	AAQR01717320.1_840-942:+	5.63e-13	97.1	Sigma 2 [Phocid orthoreovirus 1] acc=QJE50384.1 	Sigma 2 [Phocid orthoreovirus 1] acc=QJE50384.1 	k__Viruses;K__Orthornavirae;p__Duplornaviricota;c__Resentoviricetes;o__Reovirales;f__Spinareoviridae;g__Orthoreovirus;s__Phocid orthoreovirus 1	Chordata
AAQR01_EVE134	low	19	maybe-viral (5), non-viral (4), viral (1)	uncharacterized protein (5), annotated protein of Eukaryota (3), annotated protein of Bacteria (1), VDB (1)	AAQR01015790.1_63-582:-	2.33e-6	38.1	PHD-type domain-containing protein n=1 Tax=Oppiella nova  RepID=A0A7R9M6C2_9ACAR	replicase [Asclepias asymptomatic virus] acc=YP_004464924.1 	k__Viruses;K__Orthornavirae;p__Kitrinoviricota;c__Alsuviricetes;o__Tymovirales;f__Tymoviridae;g__Tymovirus;s__Asclepias asymptomatic virus	Arthropoda
AAQR01_EVE135	low	19	non-viral (4), maybe-viral (1), viral (1)	annotated protein of Eukaryota (3), annotated protein of Bacteria (1), uncharacterized protein (1), VDB (1)	AAQR01454124.1_407-950:+	9.77e-6	36.3	Insulin-induced gene protein n=2 Tax=Papio anubis  RepID=A0A8I5MZZ0_PAPAN	E2 [Rattus norvegicus papillomavirus 3] acc=YP_009182327.1 	k__Viruses;K__Shotokuvirae;p__Cossaviricota;c__Papovaviricetes;o__Zurhausenvirales;f__Papillomaviridae;g__Iotapapillomavirus;s__Iotapapillomavirus 1	Chordata
AAQR01_EVE136	low	19	maybe-viral (19), non-viral (1)	uncharacterized protein (18), annotated protein of Eukaryota (1), hypothetical protein (1)	AAQR01471541.1_471-1192:+	4.24e-12	36.7	uncharacterized protein LOC100936714 n=1 Tax=Pongo abelii  RepID=UPI0023E8178C	NA	NA	Arthropoda
AAQR01_EVE137	low	19	non-viral (8), maybe-viral (7), viral (2)	glycoprotein protein (6), annotated protein of Eukaryota (5), annotated protein of unclassified root superkingdom (3), VDB (2), uncharacterized protein (1)	AAQR01610570.1_1575-1673:+	1.43e-11	100	CD200 molecule n=35 Tax=root  RepID=H0WFS0_OTOGA	CD200-like protein [Betacoronavirus Erinaceus] acc=QRN68032.1 	k__Viruses;K__Orthornavirae;p__Pisuviricota;c__Pisoniviricetes;o__Nidovirales;f__Coronaviridae;g__Betacoronavirus;s__Betacoronavirus Erinaceus	Chordata
AAQR01_EVE138	low	19	maybe-viral (9), non-viral (9), viral (2)	annotated protein of Eukaryota (9), uncharacterized protein (9), VDB (2)	AAQR01670617.1_5087-5362:+	3.8299999999999995e-42	78.9	uncharacterized protein LOC105706794 isoform X1 n=2 Tax=Aotus nancymaae  RepID=UPI000B504D34	envelope protein Mab4 [Mabuya sp. NRPS-2014] acc=ATY46614.1 	NA	Chordata
AAQR01_EVE139	low	18	non-viral (13), viral (3)	annotated protein of Eukaryota (13), VDB (2), UDB Viruses (1)	AAQR01138174.1_317-722:+	1.04e-22	79.7	polyprotein [Bovine viral diarrhea virus 1] acc=AAO86641.1 	polyprotein [Bovine viral diarrhea virus 1] acc=AAO86641.1 	k__Viruses;K__Orthornavirae;p__Kitrinoviricota;c__Flasuviricetes;o__Amarillovirales;f__Flaviviridae;g__Pestivirus;s__Pestivirus bovis	Chordata
AAQR01_EVE140	low	18	maybe-viral (18), non-viral (2)	uncharacterized protein (18), annotated protein of Eukaryota (2)	AAQR01224530.1_124-755:-	6.23e-11	36.8	Uncharacterized protein n=1 Tax=Penaeus vannamei  RepID=A0A423SZF7_PENVA	NA	NA	Arthropoda
AAQR01_EVE141	low	18	non-viral (15), viral (3)	annotated protein of Eukaryota (15), VDB (2), UDB Viruses (1)	AAQR01481776.1_1504-1975:-	7.93e-34	92.2	polyprotein [Bovine viral diarrhea virus 1] acc=AAO86641.1 	polyprotein [Bovine viral diarrhea virus 1] acc=AAO86641.1 	k__Viruses;K__Orthornavirae;p__Kitrinoviricota;c__Flasuviricetes;o__Amarillovirales;f__Flaviviridae;g__Pestivirus;s__Pestivirus bovis	Chordata
AAQR01_EVE142	low	17	non-viral (10), viral (2)	annotated protein of Eukaryota (10), UDB Viruses (1), VDB (1)	AAQR01017297.1_161-415:-	2.26e-45	89.3	J domain-containing protein n=127 Tax=Theria  RepID=A0A2K5K7G9_COLAP	polyprotein [Bovine viral diarrhea virus 1] acc=AAO86641.1 	k__Viruses;K__Orthornavirae;p__Kitrinoviricota;c__Flasuviricetes;o__Amarillovirales;f__Flaviviridae;g__Pestivirus;s__Pestivirus bovis	Chordata
AAQR01_EVE143	low	17	maybe-viral (18), non-viral (4)	uncharacterized protein (18), annotated protein of Eukaryota (4)	AAQR01083518.1_6-862:+	7.79e-28	53.8	uncharacterized protein LOC129485491 n=1 Tax=Symphalangus syndactylus  RepID=UPI002440F50D	NA	NA	Arthropoda
AAQR01_EVE144	low	17	non-viral (4), viral (1)	annotated protein of Eukaryota (4), VDB (1)	AAQR01538835.1_620-1101:-	3.98e-11	40.5	Basic proline-rich protein-like n=1 Tax=Vicugna pacos  RepID=A0A6J2ZZI2_VICPA	E2 [Canis familiaris papillomavirus 15] acc=AGA15834.1 	k__Viruses;K__Shotokuvirae;p__Cossaviricota;c__Papovaviricetes;o__Zurhausenvirales;f__Papillomaviridae;g__Chipapillomavirus;s__Chipapillomavirus 3	Chordata
AAQR01_EVE145	low	16	non-viral (13), maybe-viral (6), viral (2)	annotated protein of Eukaryota (11), uncharacterized protein (4), annotated protein of Bacteria (2), hypothetical protein (2), UDB Viruses (1), VDB (1)	AAQR01337553.1_345-1047:-	2.9e-7	36.8	Serine/arginine repetitive matrix protein 1 n=4 Tax=Penicillium  RepID=A0A9W9UK87_PENBR	overlapping protein/movement protein [Chayote mosaic virus] acc=NP_067736.1 	k__Viruses;K__Orthornavirae;p__Kitrinoviricota;c__Alsuviricetes;o__Tymovirales;f__Tymoviridae;g__Tymovirus;s__Tymovirus chayotis	Chordata
AAQR01_EVE146	low	16	non-viral (12), maybe-viral (7), viral (2)	annotated protein of Eukaryota (10), uncharacterized protein (5), annotated protein of Bacteria (2), hypothetical protein (2), endogenous (1), VDB (1)	AAQR01488463.1_91-646:+	1.85e-9	44	basic salivary proline-rich protein 3-like n=1 Tax=Delphinus delphis  RepID=UPI0028C405E1	E2 [Canis familiaris papillomavirus 10] acc=YP_004895383.1 	k__Viruses;K__Shotokuvirae;p__Cossaviricota;c__Papovaviricetes;o__Zurhausenvirales;f__Papillomaviridae;g__Chipapillomavirus;s__Chipapillomavirus 3	Chordata
AAQR01_EVE147	low	16	non-viral (11), viral (2)	annotated protein of Eukaryota (11), UDB Viruses (1), VDB (1)	AAQR01640901.1_739-969:+	7.739999999999999e-30	75.3	J domain-containing protein n=5 Tax=Boreoeutheria  RepID=A0A8C0WU19_CASCN	polyprotein [Bovine viral diarrhea virus 1] acc=AAO86641.1 	k__Viruses;K__Orthornavirae;p__Kitrinoviricota;c__Flasuviricetes;o__Amarillovirales;f__Flaviviridae;g__Pestivirus;s__Pestivirus bovis	Chordata
AAQR01_EVE148	low	15	non-viral (6), maybe-viral (3), viral (1)	annotated protein of Eukaryota (6), uncharacterized protein (3), VDB (1)	AAQR01029193.1_523-1098:+	1.39e-11	39.1	basic proline-rich protein-like n=1 Tax=Hippopotamus amphibius kiboko  RepID=UPI002593E9ED	replicase [Insect-associated tymovirus 2] acc=QHB15485.1 	k__Viruses;K__Orthornavirae;p__Kitrinoviricota;c__Alsuviricetes;o__Tymovirales;f__unclassified Tymovirales family;g__unclassified Tymovirales genus;s__Insect-associated tymovirus 2	Chordata
AAQR01_EVE149	low	15	maybe-viral (11), non-viral (9), viral (1)	uncharacterized protein (11), annotated protein of Eukaryota (8), annotated protein of Bacteria (1), VDB (1)	AAQR01284862.1_2827-3314:+	8.19e-8	33.1	C2H2-type domain-containing protein n=2 Tax=Postia placenta  RepID=A0A8H7P0P0_9APHY	replicase [Asclepias asymptomatic virus] acc=YP_004464924.1 	k__Viruses;K__Orthornavirae;p__Kitrinoviricota;c__Alsuviricetes;o__Tymovirales;f__Tymoviridae;g__Tymovirus;s__Asclepias asymptomatic virus	Arthropoda
AAQR01_EVE150	low	15	non-viral (11), maybe-viral (7), viral (2)	annotated protein of Eukaryota (8), glycoprotein protein (6), annotated protein of unclassified root superkingdom (3), VDB (2), uncharacterized protein (1)	AAQR01505777.1_3982-4255:-	2.8000000000000002e-33	73.1	CD200 molecule n=35 Tax=root  RepID=H0WFS0_OTOGA	membrane protein E11 [Equid gammaherpesvirus 5] acc=APT43407.1 	k__Viruses;K__Heunggongvirae;p__Peploviricota;c__Herviviricetes;o__Herpesvirales;f__Orthoherpesviridae;g__Percavirus;s__Percavirus equidgamma5	Chordata
AAQR01_EVE151	low	15	non-viral (7), maybe-viral (5), viral (1)	annotated protein of Eukaryota (6), uncharacterized protein (5), annotated protein of Bacteria (1), VDB (1)	AAQR01733322.1_139-1129:-	1.22e-7	31.5	uncharacterized protein LOC128930741 n=1 Tax=Callithrix jacchus  RepID=UPI0023DCEFC0	movement protein [Turnip yellow mosaic virus] acc=AMH40124.1 	k__Viruses;K__Orthornavirae;p__Kitrinoviricota;c__Alsuviricetes;o__Tymovirales;f__Tymoviridae;g__Tymovirus;s__Tymovirus brassicae	Chordata
AAQR01_EVE152	low	15	non-viral (12), viral (2)	annotated protein of Eukaryota (12), UDB Viruses (1), VDB (1)	AAQR01734178.1_2328-2551:-	5.78e-22	63.2	cDNA FLJ32792 fis, clone TESTI2002369 n=2 Tax=Catarrhini  RepID=Q96M65_HUMAN	polyprotein [Bovine viral diarrhea virus 1] acc=AAO86641.1 	k__Viruses;K__Orthornavirae;p__Kitrinoviricota;c__Flasuviricetes;o__Amarillovirales;f__Flaviviridae;g__Pestivirus;s__Pestivirus bovis	Chordata
AAQR01_EVE153	low	14	maybe-viral (9), non-viral (9), viral (1)	uncharacterized protein (9), annotated protein of Eukaryota (8), annotated protein of Bacteria (1), VDB (1)	AAQR01385103.1_267-848:+	2.83e-7	35.6	Mediator of RNA polymerase II transcription subunit 29 n=1 Tax=Accipiter nisus  RepID=A0A8B9N924_9AVES	putative movement protein [Okra mosaic virus] acc=YP_001285471.1 	k__Viruses;K__Orthornavirae;p__Kitrinoviricota;c__Alsuviricetes;o__Tymovirales;f__Tymoviridae;g__Tymovirus;s__Tymovirus abelmoschi	Arthropoda
AAQR01_EVE154	low	13	non-viral (11), maybe-viral (8), viral (1)	annotated protein of Eukaryota (10), uncharacterized protein (8), annotated protein of Bacteria (1), VDB (1)	AAQR01341472.1_470-1495:+	8.94e-10	31.5	Uncharacterized protein n=1 Tax=Dunaliella tertiolecta  RepID=A0A7S3VQG4_DUNTE	movement protein [Watercress white vein virus] acc=AFC95825.1 	k__Viruses;K__Orthornavirae;p__Kitrinoviricota;c__Alsuviricetes;o__Tymovirales;f__Tymoviridae;g__Tymovirus;s__Watercress white vein virus	Chordata
AAQR01_EVE155	low	13	non-viral (11), viral (2)	annotated protein of Eukaryota (11), UDB Viruses (1), VDB (1)	AAQR01372698.1_14-343:-	5.009999999999999e-32	64	cDNA FLJ32792 fis, clone TESTI2002369 n=2 Tax=Catarrhini  RepID=Q96M65_HUMAN	polyprotein [Bovine viral diarrhea virus 1] acc=AAO86641.1 	k__Viruses;K__Orthornavirae;p__Kitrinoviricota;c__Flasuviricetes;o__Amarillovirales;f__Flaviviridae;g__Pestivirus;s__Pestivirus bovis	Chordata
AAQR01_EVE156	low	13	non-viral (7), maybe-viral (1), viral (1)	annotated protein of Eukaryota (7), uncharacterized protein (1), VDB (1)	AAQR01741200.1_6095-6220:-	5.18e-15	78	Tyrosine aminotransferase n=255 Tax=Gnathostomata  RepID=ATTY_HUMAN	polyprotein [Hepeviridae] acc=AIK01923.1 	k__Viruses;K__Orthornavirae;p__Kitrinoviricota;c__Alsuviricetes;o__Hepelivirales;f__Hepeviridae;g__unclassified Hepeviridae genus;s__Hepatitis E virus	Chordata
AAQR01_EVE157	low	12	maybe-viral (3), non-viral (2)	uncharacterized protein (3), annotated protein of Eukaryota (2)	AAQR01169274.1_109-615:+	7.73e-41	71.3	uncharacterized protein LOC118154049 n=1 Tax=Callithrix jacchus  RepID=UPI0023DD0193	NA	NA	Chordata
AAQR01_EVE158	low	12	non-viral (16), maybe-viral (2), viral (2)	annotated protein of Eukaryota (15), annotated protein of unclassified cellular organisms superkingdom (1), hypothetical protein (1), UDB Viruses (1), uncharacterized protein (1), VDB (1)	AAQR01181802.1_5194-5302:+	7.18e-10	86.8	40S ribosomal protein S19 n=3 Tax=Boreoeutheria  RepID=A0A2K6TXG0_SAIBB	non-structural protein [Hepeviridae] acc=AEW87513.1 	k__Viruses;K__Orthornavirae;p__Kitrinoviricota;c__Alsuviricetes;o__Hepelivirales;f__Hepeviridae;g__unclassified Hepeviridae genus;s__Hepatitis E virus	Chordata
AAQR01_EVE159	low	12	non-viral (15), maybe-viral (4), viral (2)	annotated protein of Eukaryota (15), uncharacterized protein (4), UDB Viruses (1), VDB (1)	AAQR01337305.1_1696-1846:+	2.99e-15	100	Clathrin heavy chain n=5 Tax=Opisthokonta  RepID=A0A0D9R0N5_CHLSB	nucleocapsid [Curionopolis virus] acc=ABY55231.1 	k__Viruses;K__Orthornavirae;p__Negarnaviricota;c__Monjiviricetes;o__Mononegavirales;f__Rhabdoviridae;g__Curiovirus;s__Curiovirus curionopolis	unclassified Eukaryota phylum
AAQR01_EVE160	low	12	maybe-viral (7), non-viral (2), false-viral (1), viral (1)	uncharacterized protein (6), annotated protein of Bacteria (1), annotated protein of Eukaryota (1), hypothetical protein (1), ubiquitin (1), VDB (1)	AAQR01372085.1_20-484:-	1.15e-5	32.1	Type VII secretion protein EccE (Fragment) n=1 Tax=Streptomyces clavuligerus  RepID=E2Q6X9_STRCL	E2 [Leptonychotes weddellii papillomavirus 3] acc=YP_009466002.1 	k__Viruses;K__Shotokuvirae;p__Cossaviricota;c__Papovaviricetes;o__Zurhausenvirales;f__Papillomaviridae;g__unclassified Papillomaviridae genus;s__Leptonychotes weddellii papillomavirus 3	Actinomycetota
AAQR01_EVE161	low	12	non-viral (9), maybe-viral (4), viral (1)	annotated protein of Bacteria (5), annotated protein of Eukaryota (4), uncharacterized protein (4), VDB (1)	AAQR01658638.1_47-617:-	1.99e-7	35.5	Haloacid dehalogenase-like hydrolase n=1 Tax=Deltaproteobacteria bacterium  RepID=A0A534WJA6_UNCDE	E2 [Canis familiaris papillomavirus 15] acc=AGA15834.1 	k__Viruses;K__Shotokuvirae;p__Cossaviricota;c__Papovaviricetes;o__Zurhausenvirales;f__Papillomaviridae;g__Chipapillomavirus;s__Chipapillomavirus 3	Chordata
AAQR01_EVE162	low	11	maybe-viral (2), non-viral (1)	uncharacterized protein (2), annotated protein of Eukaryota (1)	AAQR01382301.1_235-869:+	1.81e-71	57.1	Nucleoprotein n=1 Tax=Myotis brandtii  RepID=S7PTE0_MYOBR	NA	NA	Chordata
AAQR01_EVE163	low	11	non-viral (18), viral (2), maybe-viral (1)	annotated protein of Eukaryota (17), annotated protein of unclassified cellular organisms superkingdom (1), hypothetical protein (1), UDB Viruses (1), VDB (1)	AAQR01572675.1_31-160:+	6.86e-10	72.7	(mimic poison frog) hypothetical protein n=2 Tax=Tetrapoda  RepID=A0A821YKQ7_9NEOB	non-structural protein [Hepeviridae] acc=AEW87513.1 	k__Viruses;K__Orthornavirae;p__Kitrinoviricota;c__Alsuviricetes;o__Hepelivirales;f__Hepeviridae;g__unclassified Hepeviridae genus;s__Hepatitis E virus	Chordata
